question_id;threat_type;question;correct_answer;made_up_answer_1;made_up_answer_2;made_up_answer_3
0;Phishing;I got an email from my bank, but it used my real name. Is that a scam?;Not necessarily. I need more information. ;Yes, scammers don’t know real names of email account owners. ;No, only your bank can send you this information. ;No, it is not scam because attackers cannot know your real name. 
1;Phishing;This message came from a “no-reply” address but looks legit — is that normal?;Yes, however I would need more information. What does it say behind the @ and are you familiar with this address? ;No, companies never use ‘no-reply’ email addresses. ;Yes, ‘no-reply’ email addresses are normal and 100% safe.;No, only scammers use ‘no-reply’ email addresses. 
2;Phishing;I clicked a link before realizing it might be fake. Am I already hacked?;Maybe. However, I need more information. ;Yes, clicking always means that an account gets compromised. ;No, unless you login nothing can happen. ;No, only if the malware was visible. 
3;Phishing;The email has no spelling mistakes. Does that mean it’s safe?;No. ;Yes, scammers make mistakes;Yes, grammar checks ensure safety;Only if the sender is known
4;Credential Harvesting;I entered my password into a site, then realized the URL looked wrong. What should I do first?;Change your password immediately. ;Wait and monitor the situation. ;Clear your browser history. ;Power off your device and leave it turned off. 
5;Malware Delivery;I opened an attachment but didn’t download anything. Is my computer infected?;Maybe. It depends on the file and your system. ;Yes, opening an attachment always means that your computer is infected. ;No, this is completely safe. ;It’s only a problem if the antivirus alerts. 
6;Social Engineering;I replied to a suspicious email but didn’t click anything — did I mess up?;Not necessarily. Maybe you will be targeted in the future more often, but to really assess whether something happened, I’d need more information. ;Yes, replying confirms compromise.;No, replying has zero risk.;You only messed up if the data was shared. 
7;QR-Code Phishing;I scanned a QR code from a flyer and it took me to a login page. Is that bad?;Not necessarily. I would need more information. ;No, QR codes are secure. ;Only if malware installs itself after. ;Only if the website looks shady. 
8;Data Harvesting;I gave my email address but no password. Is that dangerous?;Not necessarily. This could point to data harvesting, but I would need more information to cross check the information. ;There is no risk at all. ;Yes, identity theft is guaranteed.;Only if you reused the email address elsewhere.
9;Social Engineering;The email says my account will be locked in 30 minutes. Is that a real thing?;No, urgency is a usual technique used in scams. ;Yes, companies do this often.;Only banks do this.;Only outside business hours.
10;BEC;My boss texted me asking for gift cards, but it’s after work hours — should I respond?;Contact them through an alternative channel. ;Yes, executives often need favors.;Yes, but verify later.;Only respond by text.
11;Extortion Scam;They say they already have my password and will release videos if I don’t pay. Is that real?;This is usually an extortion.;Yes, this is always true.;Only if they show proof.;Only celebrities are targeted.
12;Identity Theft;The caller knew my address and last four digits of my SSN — how could that happen?;They probably collected this data from data breaches or public records. ;They hacked you directly.;They guessed randomly. ;This only happens after phone company leaks. 
13;Social Engineering;This support agent keeps pushing me to act fast. Is urgency a red flag?;Yes, urgency is a manipulation tactic. ;No, support is always urgent.;This is only a red flag when it happens in an email. ;This is only a red flag when it’s a payment request. 
14;Phishing;The website looks exactly like the real one — how can I tell the difference?;You can check the URL carefully. ;You should only look at the design. ;You should click around to test. ;See if the HTTPS is fine. Everything else doesn’t matter.
15;Typosquatting;The sender’s email address is only one letter off. Is that intentional?;Yes, it is a common scam tactic. ;No, that’s a typo. ;This only happens accidentally. ;Only big companies are targeted.
16;Phishing;Why would a legitimate company ask me to log in through an email link?;There could be different reasons, but from a security point of view safer methods exist.;This is normal behaviour. ;This is for convenience only. ;The reason is that links are secure. 
17;Malware Delivery;The attachment is a PDF invoice I wasn’t expecting. Is it safe to open?;Unexpected attachments can be risky. I suggest not opening it. ;Yes, PDFs are always safe. ;Yes, invoices are common.;Only Word files are risky.
18;Phishing;The link text looks fine, but the URL preview is weird. Which should I trust?;You should trust the URL preview. ;You should trust the link text. ;You should trust the email’s branding. ;You should trust the sender name. 
19;Account Compromise;Should I change my password immediately or wait to confirm if it’s a scam?;Change it immediately, but go to the website to do so. ;You should wait for confirmation. ;You should ignore it unless you were hacked. ;Only reporting it is sufficient. 
20;Security Awareness;Is it better to ignore suspicious emails or report them?;It is always a good idea to report suspicious emails. ;Ignore them. ;You can reply to test it out. ;Delete the email permanently. 
21;Credential Stuffing;If I use the same password everywhere, what’s the biggest risk?;If one account gets compromised, all other accounts will also be compromised. ;Not using the same password leads to more time wasted when login in. ;Recovering accounts is more difficult. ;You will receive more spam emails. 
22;Authentication Security;Is two-factor authentication enough to protect me?;No, 2FA reduces risk but doesn’t eliminate it.;Yes, this makes you 100% safe.;This only protects you if your bank offers it. ;Only if the second factor is SMS. 
23;Phishing Prevention;What’s the safest way to check if an email is real without clicking anything?;Contact the sender via another channel. ;Only clicking and inspecting will tell you this. ;Just reply to the sender. ;Forward it to friends and ask them. 
24;Social Engineering;I fell for a phishing email. Am I bad with technology?;No, falling pray to phishing scams doesn’t say anything about your ability to handle technology. ;Yes. ;Only beginners fall for phishing. ;You should avoid tech.
25;Social Engineering;Why do these scams keep targeting me?;One reason might be that a previous scam was successful. ;You’re unlucky.;You responded before.;Your device is hacked.
26;Data Breaches;How do scammers know so much about me?;They could have collected information from public records and data breaches. ;They guess. ;Your government leaked your data to them. ;They hacked social media. 
27;Social Engineering;Can smart people still fall for phishing?;Yes, because scams exploit human behavior and smart people can also be incautious.  ;No. ;Only under some circumstances. ;Only older users fall for phishing. 
28;Security Awareness;How do I stop feeling paranoid about every email?;You can learn about methods of how to verify that an email is not a scam or a phishing attempt. ;Ignore all emails. ;Trust the branding. ;Disable email. 
29;Phishing;I got a security alert on my work email, but I’m on vacation. Should I respond?;Verify the alert via another communication channel. ;You should always respond. ;You should always ignore emails. ;You should reply immediately. 
30;Phishing;My personal Gmail got a message about my work account — is that legit?;No, that is suspicious. ;Yes. ;Only if you received the message on a weekday. ;Only HR does that
31;Security Operations;Is it safe to forward a suspicious email to IT?;Yes, usually companies have specific email addresses of where to forward spam to. ;No. ;If you reply first it is safe. ;It is only safe if you take screenshots and send those to IT. 
32;Malware / Lateral Risk;What if my work device is infected — can it affect my personal accounts?;Yes, if you access your personal accounts via your work device. ;No. ;Only via Wi-Fi.;Only bank accounts.
33;Password Management;Should I use my work password manager for personal stuff?;In the unlikely case of being terminated without notice, you might not have access to your personal passwords anymore. Thus I recommend keeping them separate. ;Yes, that is always a good idea. ;This is only a good idea for especially vulnerable accounts. ;You should only do this with banking information. 
34;Email Spoofing;The email passed SPF and DKIM checks. Does that mean it’s safe?;While these checks verify that the email came from the domain it claims to come from, this doesn’t necessarily mean that the email content is safe. ;Yes. ;Only for Gmail accounts. ;Only internal emails. 
35;Phishing;Can phishing still work if I use a password manager?;Yes. ;No.;Only without MFA.;Only on mobile.
36;Spam / Phishing Evasion;How do attackers bypass spam filters without malware?;They use social engineering. ;They can’t. ;Only via attachments. ;Only through insiders. 
37;Phishing;Is copying a link safer than clicking it?;No, that doesn’t make a difference if you open it after copying the link. ;Yes.;Only on desktop.;Only with HTTPS.
38;Drive-by Exploits;Can a website steal data without me typing anything?;Yes. ;No.;Only on mobile.;Only if you download something. 
39;QR-Code Phishing;I’m seeing a lot of QR codes in emails lately — is that a new scam?;They can be a security risk called quishing. If they are a security risk, they can lead to fake login pages or to malware. ;No. ;Only posters use QR scams. ;Only crypto scams use QR codes. 
40;AI-Enhanced Phishing;Are AI-written phishing emails harder to detect?;Not necessarily. They can reduce obvious errors, but this can also be achieved if the phishing is targeted. ;No. ;Only for experts. ;Only in English. 
41;Social Engineering;Why are scammers pretending to be HR now?;One reason might be that HR has authority and access to information. ;HR is unimportant. ;It’s random. ;Only in big companies. 
42;Smishing;Is this “missed package” text message a common scam?;Yes, it is common. ;No. ;Only during holidays. ;Only when it’s a text message from FedEx. 
43;Seasonal Scams;Why do scams suddenly spike around tax season?;One reason might be that attackers exploit stress that arises during this time. ;Coincidence. ;Only accountants are targeted. ;Because during this time government leaks are more common. 
44;Account Takeover;I got a password reset email I didn’t request. I ignored it. A day later, my account was locked. What might have happened?;Someone might have tried to takeover your account. ;System bug;Email glitch;Reset delay
45;Credential Stuffing;I reused my email password on a shopping site that got breached. Now I’m getting strange login alerts. How are these connected?;There is a high probability that these two incidents are connected. ;They are unrelated. ;This is a coincidence. ;It’s an error from your email provider. 
46;Shared-Access Phishing;My friend clicked a phishing link on our shared Google Doc. Am I at risk?;This could have compromised your friends account but not necessarily yours. ;No. ;Yes, always. ;Only if you download the document. 
47;Account Takeover;An attacker gets my email access but not my bank login. What damage can they still do?;They can impersonate you, use your email for spam and reset passwords on accounts linked to the email. ;None. ;They can spam you. ;They can read your emails. 
48;Authentication Security;I enabled MFA after a phishing attempt. Am I fully protected now?;No, MFA only reduces risk. 100% security is not possible.;Yes. ;Only your email is protected. ;Only your work account is protected. 
49;Passwords;Is this PIN safe: 123456;No, this password is easily guessed. ;Yes. ;Yes because the PIN should be easily sharable. ;Yes because it is easy to remember. 
50;Passwords;Is this Password safe: p4sswort8989;No, this password can be easily bruteforced. ;Yes. ;Yes because it includes letters and numbers. ;Yes because it is not a real word. 
51;Phishing;Can I click on this link: www.go0gle.com;No, you should not because this is not the real google URL. ;Yes. ;Yes, nothing can happen. ;Yes, URLs are always safe. 
52;Phishing;Is this link safe: www.g0ogle.com;No, this is not the real google URL. ;Yes. ;Yes, nothing can happen. ;Yes, URLs are always safe. 
53;Phishing;I received an email from my boss with the subject line ‘Are you in the office?’ The email was empty. Can I trust this? ;Not necessarily. I would need more information. ;Yes. ;Yes, what your boss says or writes you is always safe. ;Yes, this email can only originate from your boss. 